period,oversold,overbought,aggression_factor,low_buy,high_sell,buy_amount,pnl,runtime
30,36,78,0.30000000000000004,10,85,15,-2463.0,4.89429497718811
35,26,78,0.5000000000000001,10,90,15,-4060.0,5.068864107131958
15,22,68,0.30000000000000004,5,75,10,-9018.0,5.103769063949585
25,38,74,0.8000000000000003,20,85,10,-9699.0,5.1107800006866455
25,24,60,0.8000000000000003,10,75,5,8054.0,5.123394966125488
20,30,70,0.7000000000000002,5,75,5,-17851.0,5.150047779083252
40,38,72,0.30000000000000004,20,85,10,-6.0,5.1470582485198975
35,36,78,0.7000000000000002,10,90,10,-5365.0,5.182652235031128
15,34,64,0.5000000000000001,20,75,15,-78635.0,5.172511100769043
25,34,78,0.8000000000000003,5,90,10,-3696.0,5.198832273483276
25,24,70,0.6000000000000001,20,85,15,16294.0,5.088348865509033
45,38,66,0.8000000000000003,20,85,15,5530.0,5.055739879608154
50,32,64,0.4000000000000001,5,75,10,20110.0,5.118393898010254
45,26,72,0.7000000000000002,20,75,5,4070.0,5.08607292175293
35,30,60,0.6000000000000001,20,90,5,11620.0,5.187280178070068
15,24,62,0.6000000000000001,5,75,10,-30492.0,5.108654022216797
40,30,62,0.8000000000000003,20,90,10,17286.0,5.156029939651489
10,36,62,0.5000000000000001,20,75,10,-157170.0,5.3009889125823975
45,22,72,0.7000000000000002,20,85,10,6132.0,5.042144060134888
35,24,66,0.5000000000000001,10,75,15,19672.0,5.117583751678467
40,28,76,0.4000000000000001,5,75,15,-3474.0,5.281321048736572
30,36,72,0.2,5,75,10,132.0,5.16695499420166
50,24,68,0.30000000000000004,20,85,15,10048.0,5.2506561279296875
40,30,72,0.2,10,85,10,3908.0,5.245450973510742
15,28,74,0.8000000000000003,20,75,10,-16908.0,5.1528871059417725
15,36,74,0.30000000000000004,15,85,15,-42578.0,5.270890951156616
25,30,74,0.7000000000000002,10,90,10,7998.0,5.134933948516846
30,34,64,0.6000000000000001,20,75,15,-1008.0,5.270995855331421
50,26,72,0.8000000000000003,5,90,5,2078.0,5.263077974319458
10,20,60,0.2,5,90,5,-42860.0,5.48878288269043
25,24,64,0.5000000000000001,15,90,5,16512.0,5.4802939891815186
25,22,60,0.5000000000000001,15,80,5,15460.0,5.431851625442505
20,38,62,0.7000000000000002,5,75,15,-79327.0,5.550717353820801
45,30,76,0.5000000000000001,20,90,10,706.0,5.547242879867554
35,28,68,0.8000000000000003,5,90,5,18105.0,5.516058921813965
20,38,62,0.8000000000000003,10,75,5,-82027.0,5.6549928188323975
45,22,66,0.5000000000000001,5,85,15,7712.0,5.529517889022827
40,28,72,0.5000000000000001,5,90,5,-1292.0,5.634842157363892
35,26,68,0.30000000000000004,5,75,15,16976.0,5.665590047836304
40,38,72,0.8000000000000003,20,75,15,491.0,5.746068000793457
30,36,74,0.4000000000000001,15,75,10,-3294.0,5.800777912139893
40,38,72,0.4000000000000001,5,85,10,221.0,5.812741041183472
35,34,60,0.6000000000000001,15,85,15,3846.0,5.854518890380859
30,34,74,0.5000000000000001,10,85,15,404.0,5.838636159896851
45,38,62,0.2,5,80,15,-2250.0,5.827883005142212
30,38,60,0.2,10,75,15,-38240.0,5.509096384048462
50,38,70,0.4000000000000001,10,75,10,7154.0,5.469161033630371
30,36,72,0.4000000000000001,10,75,5,-470.0,5.379521131515503
30,24,74,0.30000000000000004,15,85,5,9514.0,5.181548118591309
15,26,78,0.30000000000000004,10,80,15,-9110.0,5.373564004898071
30,30,60,0.5000000000000001,10,85,15,1526.0,5.422990083694458
15,24,78,0.4000000000000001,15,75,5,-3704.0,5.396105051040649
25,26,74,0.8000000000000003,10,85,15,17256.0,5.414501905441284
15,38,70,0.7000000000000002,15,80,15,-64047.0,5.417685031890869
20,36,70,0.8000000000000003,15,90,15,-36564.0,5.417190074920654
10,28,68,0.6000000000000001,5,85,5,-94498.0,5.489578008651733
15,22,76,0.8000000000000003,5,85,15,-4264.0,5.309891939163208
20,36,78,0.4000000000000001,15,85,5,-19078.0,5.290450096130371
50,30,60,0.2,15,75,5,30768.0,5.422157049179077
25,24,66,0.2,20,75,15,15440.0,5.39238715171814
40,32,70,0.8000000000000003,5,85,15,12618.0,5.380735874176025
50,32,72,0.6000000000000001,20,85,5,6820.0,5.506117105484009
35,22,70,0.6000000000000001,20,80,15,13902.0,5.501044988632202
45,20,68,0.30000000000000004,15,80,15,6919.0,5.520055055618286
25,36,62,0.30000000000000004,15,85,5,-46272.0,5.626450777053833
20,34,68,0.8000000000000003,15,85,15,-36670.0,5.487898111343384
35,26,78,0.7000000000000002,5,80,5,-5331.0,5.573690891265869
35,38,66,0.4000000000000001,20,75,5,-11797.0,5.588428974151611
20,22,68,0.2,20,80,5,11459.0,5.452909708023071
25,36,78,0.8000000000000003,20,85,15,-7424.0,5.4560699462890625
50,34,68,0.4000000000000001,5,80,10,13128.0,5.45755410194397
10,22,78,0.4000000000000001,10,85,10,-36324.0,5.511213064193726
50,38,74,0.8000000000000003,5,90,15,-3121.0,5.474626064300537
45,38,78,0.6000000000000001,15,80,10,-4117.0,5.585402250289917
25,26,64,0.30000000000000004,15,80,15,13643.0,5.421515941619873
30,32,64,0.30000000000000004,20,75,5,465.0,5.415142774581909
15,26,62,0.5000000000000001,15,80,5,-43100.0,5.533427000045776
50,24,64,0.5000000000000001,5,90,15,12732.0,5.547048330307007
35,26,66,0.8000000000000003,15,75,15,21310.0,5.384270906448364
25,32,66,0.6000000000000001,10,75,15,-8634.0,5.560277938842773
20,34,66,0.6000000000000001,10,85,10,-40304.0,5.5416319370269775
45,32,78,0.30000000000000004,10,75,5,-290.0,5.517443895339966
10,22,78,0.7000000000000002,5,90,5,-37205.0,5.513472080230713
10,34,74,0.7000000000000002,10,80,15,-90152.0,5.5445311069488525
50,28,68,0.4000000000000001,20,80,15,12734.0,5.397465944290161
40,32,66,0.30000000000000004,5,75,10,20579.0,5.583831071853638
20,20,70,0.8000000000000003,10,85,15,14366.0,5.543247222900391
40,34,70,0.7000000000000002,10,90,5,11372.0,5.561229944229126
25,26,60,0.30000000000000004,5,90,15,3250.0,5.427054166793823
45,34,72,0.8000000000000003,5,85,15,1820.0,5.731606960296631
40,32,72,0.2,20,85,10,7103.0,5.534208059310913
20,30,62,0.6000000000000001,5,85,15,-34084.0,5.526925086975098
10,36,72,0.2,20,75,10,-106502.0,5.612251043319702
30,34,62,0.4000000000000001,10,85,10,-7168.0,5.549447059631348
30,26,62,0.8000000000000003,5,85,5,15142.0,5.662893772125244
35,22,76,0.4000000000000001,15,80,5,5288.0,5.511976957321167
30,22,72,0.5000000000000001,15,75,5,11372.0,5.658998012542725
50,30,66,0.2,10,85,5,14698.0,5.500808000564575
35,28,68,0.4000000000000001,20,90,5,18886.0,5.713615894317627
25,38,60,0.8000000000000003,15,80,15,-57141.0,5.6399900913238525
30,26,64,0.2,5,85,5,20956.0,5.665910959243774
30,36,68,0.5000000000000001,15,80,5,-8528.0,5.634150266647339
35,24,70,0.5000000000000001,5,85,10,9554.0,5.537539005279541
10,34,70,0.30000000000000004,15,85,5,-119292.0,5.4922380447387695
25,26,62,0.8000000000000003,15,90,10,5171.0,5.466997146606445
45,26,64,0.4000000000000001,15,75,5,16670.0,5.532656192779541
10,38,76,0.4000000000000001,15,75,10,-83862.0,5.594690799713135
25,22,66,0.2,15,90,5,21427.0,5.5977747440338135
25,30,62,0.4000000000000001,20,75,10,-6074.0,5.510277271270752
15,36,68,0.4000000000000001,10,80,5,-70883.0,5.611013174057007
30,24,78,0.4000000000000001,15,90,15,-9124.0,5.668637990951538
35,38,70,0.30000000000000004,10,80,10,-3764.0,5.5021162033081055
15,26,78,0.8000000000000003,15,75,15,-10023.0,5.601763725280762
10,20,62,0.7000000000000002,20,80,15,-39846.0,5.731918096542358
50,20,60,0.5000000000000001,10,75,10,8797.0,5.665467023849487
20,28,60,0.7000000000000002,5,90,5,-24194.0,5.652769088745117
35,22,68,0.30000000000000004,5,75,15,15619.0,5.574712038040161
50,20,76,0.6000000000000001,10,80,5,3852.0,5.697869062423706
50,28,76,0.6000000000000001,5,90,15,1350.0,5.775537967681885
30,32,64,0.8000000000000003,5,90,10,216.0,5.749017953872681
50,32,60,0.30000000000000004,15,85,15,27524.0,5.8170130252838135
20,34,62,0.8000000000000003,20,90,10,-55094.0,5.755053997039795
40,38,76,0.30000000000000004,20,75,10,-6164.0,5.803747892379761
15,26,64,0.6000000000000001,15,80,15,-34760.0,5.772911071777344
10,32,76,0.6000000000000001,15,75,15,-71772.0,5.829955816268921
20,20,62,0.30000000000000004,20,75,10,7984.0,5.805113077163696
45,22,70,0.30000000000000004,5,80,10,7296.0,6.1734299659729
30,28,76,0.2,15,75,15,3159.0,6.180222988128662
15,30,72,0.5000000000000001,20,90,5,-29122.0,6.1159021854400635
10,34,78,0.30000000000000004,5,90,10,-72402.0,6.26269006729126
15,20,66,0.8000000000000003,15,90,5,-10134.0,6.29290509223938
10,38,60,0.5000000000000001,10,80,10,-172949.0,6.468705892562866
25,34,70,0.30000000000000004,5,75,10,-6695.0,6.210384845733643
40,20,72,0.4000000000000001,20,75,10,10429.0,6.139760971069336
10,28,70,0.7000000000000002,5,90,5,-89315.0,6.365661144256592
30,26,66,0.4000000000000001,20,90,10,21030.0,5.792309999465942
10,36,66,0.2,20,80,15,-145789.0,5.6859660148620605
45,28,78,0.4000000000000001,15,90,15,-1106.0,5.703068971633911
45,38,76,0.8000000000000003,20,75,10,-5225.0,5.694087028503418
15,32,60,0.6000000000000001,20,90,15,-77767.0,5.78519606590271
25,36,62,0.2,20,85,5,-41696.0,5.786205768585205
50,30,64,0.5000000000000001,5,85,15,21776.0,5.837170839309692
10,34,78,0.4000000000000001,20,80,5,-72616.0,5.75549578666687
20,36,64,0.6000000000000001,10,75,15,-58086.0,5.890907049179077
40,32,70,0.4000000000000001,5,80,15,12593.0,5.776153087615967
20,28,62,0.2,20,80,15,-21352.0,5.824859142303467
30,22,72,0.30000000000000004,20,85,10,10510.0,5.712277889251709
25,32,68,0.5000000000000001,10,80,10,-10148.0,5.721302032470703
25,32,66,0.5000000000000001,10,75,15,-8641.0,5.719435930252075
25,24,64,0.8000000000000003,15,80,5,14620.0,5.766861200332642
40,26,70,0.2,5,75,10,564.0,5.647888898849487
50,28,70,0.8000000000000003,15,75,5,11499.0,5.700110197067261
40,36,60,0.5000000000000001,5,90,15,-1736.0,5.809535980224609
45,22,76,0.30000000000000004,5,85,5,9414.0,5.5076000690460205
20,20,78,0.30000000000000004,20,80,10,5114.0,5.727051019668579
20,30,74,0.7000000000000002,10,80,10,-6924.0,5.6577370166778564
15,36,64,0.8000000000000003,20,75,5,-90901.0,5.8147828578948975
30,36,68,0.8000000000000003,15,90,15,-7534.0,5.675578832626343
25,20,64,0.2,20,75,5,20311.0,5.6498377323150635
25,24,76,0.5000000000000001,10,75,10,10280.0,5.706857919692993
40,20,72,0.4000000000000001,10,85,5,10440.0,5.798815011978149
20,32,68,0.2,15,80,15,-28520.0,5.7288031578063965
25,32,64,0.7000000000000002,10,90,10,-5062.0,5.821100950241089
10,24,64,0.8000000000000003,15,90,10,-67812.0,5.764480113983154
50,28,64,0.4000000000000001,10,80,15,18798.0,5.796576023101807
35,24,72,0.2,15,75,15,1688.0,5.781203746795654
10,20,66,0.30000000000000004,5,80,5,-44646.0,5.926594018936157
15,22,64,0.30000000000000004,20,75,10,-18748.0,5.7939231395721436
40,28,64,0.6000000000000001,15,80,15,22856.0,5.785441875457764
50,26,68,0.4000000000000001,20,85,10,7542.0,5.790687084197998
20,32,78,0.2,15,85,15,-12556.0,5.829978704452515
30,26,66,0.8000000000000003,5,85,5,19910.0,5.799312114715576
30,36,64,0.6000000000000001,15,75,15,-14276.0,5.797068119049072
30,20,78,0.2,10,85,15,9927.0,5.8945441246032715
35,36,72,0.8000000000000003,10,80,15,2652.0,5.861438989639282
40,24,76,0.6000000000000001,15,90,15,2634.0,5.881439924240112
25,20,68,0.7000000000000002,5,75,10,19886.0,5.892071962356567
20,22,72,0.5000000000000001,10,85,10,11222.0,5.752357244491577
25,38,68,0.30000000000000004,15,90,10,-27532.0,5.7974159717559814
35,38,66,0.30000000000000004,15,75,10,-9231.0,5.897968769073486
10,30,66,0.2,5,85,5,-103966.0,5.866971969604492
50,36,76,0.5000000000000001,10,80,15,-2159.0,5.819334268569946
45,28,62,0.4000000000000001,20,90,10,20428.0,5.879105091094971
20,36,74,0.4000000000000001,15,90,15,-21589.0,5.7706520557403564
50,38,76,0.8000000000000003,10,85,5,-3434.0,5.770334005355835
35,20,66,0.6000000000000001,15,75,10,13338.0,5.7802863121032715
50,26,74,0.30000000000000004,5,75,15,-3730.0,5.792962074279785
45,26,72,0.8000000000000003,20,75,15,6576.0,5.722409963607788
45,36,70,0.4000000000000001,5,80,10,10568.0,5.785744905471802
35,30,76,0.30000000000000004,10,90,10,-3592.0,5.954555988311768
10,34,66,0.7000000000000002,20,90,15,-135072.0,5.977666139602661
45,26,70,0.7000000000000002,10,85,15,11784.0,5.932778835296631
30,22,70,0.6000000000000001,5,80,10,15878.0,5.963623046875
45,32,74,0.2,10,75,15,3816.0,6.017686128616333
20,32,64,0.5000000000000001,10,90,10,-39878.0,6.036401033401489
30,30,60,0.7000000000000002,10,80,15,1460.0,5.98232102394104
10,36,72,0.4000000000000001,5,90,5,-110156.0,5.93914532661438
25,38,60,0.7000000000000002,15,85,15,-57141.0,6.084848880767822
10,36,78,0.30000000000000004,20,80,15,-72879.0,5.796440601348877
45,34,70,0.5000000000000001,15,85,15,8369.0,5.804378986358643
15,36,62,0.7000000000000002,5,90,15,-97467.0,6.008955955505371
15,22,74,0.8000000000000003,20,85,10,-5840.0,5.816599130630493
30,28,62,0.2,5,80,15,11992.0,5.863986968994141
20,30,64,0.6000000000000001,20,85,15,-25742.0,6.029294967651367
20,32,74,0.8000000000000003,5,90,5,-14322.0,5.928591251373291
40,26,78,0.8000000000000003,10,85,5,-11148.0,5.767297744750977
15,26,70,0.6000000000000001,20,75,10,-19936.0,5.849043130874634
30,20,72,0.6000000000000001,20,75,10,11306.0,5.759084701538086
35,38,66,0.7000000000000002,10,90,5,-9633.0,5.909737825393677
10,30,68,0.5000000000000001,15,80,10,-103302.0,5.953629970550537
50,32,72,0.2,5,85,5,4668.0,5.921855926513672
20,24,76,0.30000000000000004,5,90,10,3902.0,5.892225980758667
15,24,60,0.7000000000000002,15,90,5,-32364.0,5.975347995758057
15,20,64,0.30000000000000004,5,85,5,-13995.0,5.835942029953003
15,28,64,0.2,20,85,5,-42213.0,6.023926019668579
40,28,78,0.2,15,75,5,-4883.0,5.891567230224609
15,38,76,0.6000000000000001,20,90,15,-38221.0,6.0582921504974365
20,30,64,0.7000000000000002,15,80,5,-27528.0,6.234046936035156
45,22,78,0.4000000000000001,5,75,5,8906.0,6.111362934112549
40,20,74,0.6000000000000001,5,85,10,4118.0,6.060845136642456
50,34,68,0.2,5,80,15,13046.0,6.2718939781188965
50,26,60,0.30000000000000004,15,80,15,15888.0,6.121502876281738
35,28,68,0.30000000000000004,5,75,10,18893.0,6.252509832382202
40,30,72,0.8000000000000003,5,85,5,3998.0,6.267353057861328
30,28,68,0.30000000000000004,10,75,5,17598.0,6.300484895706177
45,22,70,0.7000000000000002,15,80,5,7804.0,6.122861862182617
35,26,70,0.2,20,85,10,9473.0,6.1671881675720215
25,24,68,0.7000000000000002,5,85,10,13735.0,6.110086917877197
25,28,62,0.5000000000000001,10,80,10,-3447.0,6.131134033203125
20,26,62,0.2,10,90,5,-10764.0,6.233816146850586
50,36,76,0.5000000000000001,15,80,15,-2159.0,6.151964902877808
25,24,76,0.2,5,75,10,9972.0,6.19192910194397
20,36,74,0.7000000000000002,5,80,10,-21410.0,6.141698122024536
40,38,74,0.5000000000000001,20,85,15,-5937.0,6.160657167434692
50,24,78,0.4000000000000001,10,75,5,7876.0,6.167220115661621
35,36,74,0.8000000000000003,20,80,10,-1756.0,6.263205051422119
15,22,72,0.4000000000000001,5,80,10,-728.0,6.330343961715698
15,38,70,0.8000000000000003,5,90,15,-64047.0,6.410538196563721
30,36,70,0.30000000000000004,5,90,10,-3307.0,6.202666997909546
10,24,76,0.30000000000000004,10,80,15,-48352.0,6.2502830028533936
25,30,64,0.2,10,80,5,6118.0,6.301548004150391
40,20,64,0.30000000000000004,20,80,15,11850.0,6.269084930419922
30,38,76,0.5000000000000001,15,85,10,-4706.0,6.2473227977752686
35,36,76,0.8000000000000003,20,90,5,-4851.0,6.422327041625977
20,32,64,0.30000000000000004,15,90,10,-40702.0,6.601541996002197
30,38,66,0.30000000000000004,5,85,5,-18936.0,6.610218048095703
35,36,76,0.8000000000000003,10,75,15,-4735.0,6.485509157180786
25,30,62,0.4000000000000001,15,75,15,-5806.0,6.452364206314087
50,38,68,0.8000000000000003,20,75,10,8399.0,6.53463077545166
45,30,76,0.7000000000000002,10,90,15,-336.0,6.390682935714722
10,24,74,0.30000000000000004,10,90,10,-51969.0,6.608875036239624
45,38,62,0.7000000000000002,10,85,15,-1582.0,6.598038911819458
50,26,78,0.8000000000000003,15,90,5,900.0,6.296267986297607
40,32,68,0.5000000000000001,20,90,10,11874.0,6.447476863861084
50,34,62,0.4000000000000001,10,90,5,28337.0,6.567418098449707
45,22,78,0.7000000000000002,10,90,5,9014.0,6.411945104598999
50,28,62,0.5000000000000001,15,90,15,22244.0,6.397295236587524
25,38,62,0.8000000000000003,15,80,15,-51009.0,6.356541872024536
40,36,64,0.5000000000000001,15,75,10,2710.0,6.413508892059326
10,24,72,0.2,5,85,15,-58347.0,6.360985040664673
35,30,64,0.4000000000000001,10,75,15,19015.0,6.377344846725464
40,34,74,0.2,10,75,5,-2121.0,6.163898944854736
10,38,68,0.6000000000000001,5,75,15,-136258.0,6.475893974304199
20,24,70,0.4000000000000001,10,90,5,3795.0,6.378374338150024
30,26,68,0.4000000000000001,15,85,10,20264.0,6.354227066040039
30,36,68,0.2,10,75,5,-5388.0,6.399140119552612
30,20,78,0.8000000000000003,15,85,10,8401.0,6.37839674949646
25,22,78,0.7000000000000002,10,90,5,5488.0,6.324790000915527
25,20,78,0.30000000000000004,20,90,10,3780.0,6.258232116699219
40,34,60,0.7000000000000002,15,90,10,5854.0,6.188211917877197
10,22,76,0.5000000000000001,10,85,5,-42167.0,6.2261269092559814
35,26,66,0.7000000000000002,5,75,10,21310.0,6.241713047027588
35,38,64,0.5000000000000001,15,75,15,-13836.0,6.451682806015015
25,30,68,0.7000000000000002,15,90,5,1080.0,6.4783549308776855
15,34,60,0.7000000000000002,5,80,5,-97450.0,6.521735906600952
20,26,62,0.6000000000000001,15,90,5,-15089.0,6.406614065170288
45,36,60,0.8000000000000003,15,90,5,13596.0,6.387691974639893
40,38,78,0.30000000000000004,20,90,5,-5693.0,6.285351037979126
15,38,78,0.7000000000000002,5,80,10,-32266.0,6.328744173049927
35,20,78,0.4000000000000001,20,85,5,7996.0,6.363166809082031
15,28,76,0.5000000000000001,15,80,5,-15704.0,6.499146938323975
40,20,60,0.8000000000000003,10,80,10,11669.0,6.57306981086731
20,20,64,0.6000000000000001,10,80,15,11221.0,6.614505767822266
50,34,66,0.8000000000000003,15,80,15,20060.0,6.634736776351929
40,26,68,0.6000000000000001,20,85,5,11430.0,6.587017774581909
35,34,64,0.6000000000000001,15,90,10,10917.0,6.64123272895813
45,38,60,0.30000000000000004,5,80,5,-2905.0,6.670022964477539
40,32,68,0.5000000000000001,20,85,15,12704.0,6.679826974868774
40,20,78,0.2,10,80,15,6486.0,6.601372241973877
25,20,62,0.4000000000000001,20,90,5,17404.0,6.611706256866455
30,28,72,0.8000000000000003,5,90,5,15392.0,6.647531032562256
20,22,68,0.4000000000000001,10,75,15,12046.0,6.625607013702393
20,26,70,0.2,20,85,15,3666.0,6.597220182418823
15,26,62,0.30000000000000004,5,85,10,-41258.0,6.697582960128784
45,32,68,0.2,15,75,5,14268.0,6.806397199630737
10,28,70,0.5000000000000001,20,80,10,-87856.0,6.7542431354522705
35,22,66,0.2,15,80,5,17226.0,6.746689081192017
30,24,60,0.8000000000000003,5,75,5,16326.0,6.773754119873047
45,24,68,0.5000000000000001,10,75,5,10036.0,7.09023118019104
40,34,62,0.2,15,75,10,9314.0,7.1774537563323975
20,24,72,0.8000000000000003,5,75,5,6648.0,7.065372943878174
10,26,70,0.4000000000000001,5,80,5,-78742.0,7.214953899383545
45,36,74,0.30000000000000004,15,75,5,-655.0,7.108118772506714
25,32,62,0.4000000000000001,5,75,5,-19843.0,7.096508741378784
50,32,70,0.7000000000000002,15,85,15,9830.0,7.146399021148682
15,20,60,0.4000000000000001,20,90,10,-16326.0,7.138505935668945
40,38,74,0.6000000000000001,20,90,15,-5704.0,7.522396087646484
30,24,74,0.6000000000000001,15,90,5,9988.0,7.377537965774536
40,24,66,0.2,5,85,15,18500.0,7.379028081893921
30,36,70,0.6000000000000001,5,85,5,-3592.0,7.519578218460083
50,36,70,0.6000000000000001,15,90,15,8592.0,7.484677791595459
45,26,78,0.6000000000000001,15,85,10,-1912.0,7.494854927062988
10,22,72,0.5000000000000001,15,85,15,-45359.0,7.514587163925171
20,34,78,0.5000000000000001,15,85,5,-17061.0,7.514631986618042
45,34,60,0.2,20,80,5,17864.0,7.501599073410034
45,38,66,0.4000000000000001,10,80,5,4411.0,7.3424460887908936
45,26,78,0.30000000000000004,20,85,5,-804.0,7.336302757263184
30,22,64,0.4000000000000001,15,85,15,19220.0,7.328845739364624
40,36,70,0.8000000000000003,15,90,15,8222.0,7.386467933654785
15,26,76,0.4000000000000001,20,75,10,-12242.0,7.349487066268921
25,26,74,0.30000000000000004,20,75,5,16970.0,7.360889196395874
10,24,66,0.5000000000000001,5,80,5,-73332.0,7.377547025680542
10,26,60,0.6000000000000001,20,80,10,-81395.0,7.492610216140747
10,36,62,0.7000000000000002,15,80,15,-152917.0,7.468245983123779
20,26,70,0.5000000000000001,15,80,10,3436.0,7.546501874923706
25,26,66,0.6000000000000001,20,75,10,13868.0,7.525424003601074
45,28,60,0.30000000000000004,15,90,5,21466.0,7.5852367877960205
10,34,62,0.7000000000000002,15,75,15,-141669.0,7.690927028656006
50,36,66,0.7000000000000002,5,75,10,22626.0,7.741950988769531
10,26,68,0.7000000000000002,10,75,15,-76420.0,7.682514905929565
20,20,78,0.5000000000000001,15,85,10,4894.0,7.70163106918335
40,34,70,0.6000000000000001,15,85,10,11176.0,7.668419122695923
10,28,74,0.6000000000000001,20,90,15,-67938.0,7.668497085571289
50,38,68,0.8000000000000003,20,90,10,8399.0,7.74928092956543
45,24,62,0.4000000000000001,15,85,15,12672.0,7.838620185852051
10,28,76,0.7000000000000002,5,85,5,-64311.0,8.000432252883911
20,34,64,0.7000000000000002,15,80,15,-47728.0,7.932939052581787
15,36,76,0.30000000000000004,10,85,5,-36294.0,8.000625133514404
40,24,78,0.7000000000000002,5,85,15,-2052.0,7.863682985305786
30,32,62,0.4000000000000001,20,85,10,-2952.0,7.9601709842681885
30,38,60,0.8000000000000003,15,80,5,-37463.0,8.098166942596436
10,24,72,0.6000000000000001,15,80,10,-57457.0,7.985082149505615
50,22,62,0.7000000000000002,20,85,15,10365.0,7.879748106002808
50,34,78,0.30000000000000004,15,85,5,-3867.0,7.780526876449585
20,22,66,0.7000000000000002,5,80,15,10712.0,7.7886998653411865
50,30,68,0.4000000000000001,20,90,10,11889.0,7.812517881393433
45,34,62,0.7000000000000002,15,80,10,16072.0,7.788987159729004
50,38,74,0.2,5,80,15,-2118.0,7.774704933166504
15,24,68,0.6000000000000001,5,80,10,-15900.0,7.656008958816528
15,32,64,0.30000000000000004,15,75,5,-71931.0,7.85928201675415
40,36,74,0.4000000000000001,15,85,15,-2917.0,7.683465957641602
35,34,74,0.7000000000000002,15,85,15,1389.0,7.656563997268677
10,30,72,0.30000000000000004,10,80,5,-87377.0,7.590503931045532
20,22,72,0.30000000000000004,10,80,10,11950.0,7.723334074020386
10,22,64,0.4000000000000001,5,80,5,-56621.0,7.7403037548065186
20,26,68,0.2,20,90,5,-1542.0,7.624742269515991
40,22,70,0.4000000000000001,20,80,10,10342.0,7.719023942947388
10,36,68,0.5000000000000001,5,80,15,-129350.0,7.773017883300781
50,38,66,0.4000000000000001,20,80,5,14127.0,7.726377010345459
10,38,60,0.7000000000000002,5,80,5,-179812.0,7.816555023193359
45,34,78,0.30000000000000004,10,90,5,-1685.0,7.588139057159424
35,38,74,0.8000000000000003,15,90,15,-5486.0,7.637506008148193
25,26,62,0.8000000000000003,15,80,5,4012.0,7.701101779937744
20,22,70,0.7000000000000002,15,85,15,12094.0,7.69277811050415
40,26,60,0.30000000000000004,10,80,15,18277.0,7.740273952484131
20,34,70,0.6000000000000001,10,80,10,-27130.0,7.718255996704102
20,24,70,0.5000000000000001,10,90,10,4750.0,7.715176105499268
10,34,64,0.30000000000000004,5,75,5,-143286.0,7.722916126251221
50,36,74,0.2,15,90,10,-179.0,7.678752899169922
30,38,62,0.7000000000000002,15,90,10,-30192.0,7.629534959793091
20,30,68,0.6000000000000001,5,75,5,-24125.0,7.51262092590332
20,38,70,0.6000000000000001,5,75,5,-42241.0,7.492761135101318
45,38,62,0.4000000000000001,10,85,10,-2582.0,7.530811786651611
15,22,64,0.6000000000000001,20,85,5,-20012.0,7.676483154296875
30,32,60,0.5000000000000001,20,75,15,-6565.0,7.546795845031738
15,36,78,0.8000000000000003,5,85,5,-29946.0,7.539296865463257
20,38,70,0.2,10,85,15,-40501.0,7.596721887588501
35,34,62,0.8000000000000003,20,80,10,8570.0,7.600653648376465
45,32,60,0.2,20,75,5,21390.0,7.746071100234985
45,20,62,0.8000000000000003,20,75,15,7736.0,7.668950080871582
20,24,76,0.5000000000000001,20,80,15,2008.0,7.859724044799805
35,22,70,0.6000000000000001,15,85,15,13902.0,7.738351821899414
20,38,74,0.7000000000000002,20,75,10,-25105.0,7.951636075973511
45,22,74,0.5000000000000001,20,75,15,8504.0,7.741652965545654
15,30,78,0.8000000000000003,15,90,10,-15894.0,7.750272035598755
25,22,76,0.8000000000000003,15,75,5,10206.0,7.792341947555542
35,26,62,0.4000000000000001,15,80,15,19630.0,7.9358861446380615
15,34,72,0.2,15,85,10,-40958.0,7.500620126724243
35,38,74,0.30000000000000004,15,75,10,-5916.0,7.370426893234253
45,28,78,0.4000000000000001,15,90,5,-2491.0,7.359993934631348
40,30,64,0.2,5,85,10,19732.0,7.49872899055481
20,36,72,0.7000000000000002,5,90,5,-32140.0,7.431124925613403
30,34,62,0.8000000000000003,15,80,5,-5108.0,7.5127668380737305
30,26,62,0.8000000000000003,15,75,5,15124.0,7.3960349559783936
20,22,68,0.7000000000000002,15,80,5,13700.0,7.334875106811523
30,32,66,0.8000000000000003,20,80,15,3774.0,7.3934290409088135
40,26,66,0.4000000000000001,10,75,15,20126.0,7.2682459354400635
35,22,68,0.30000000000000004,15,85,15,15449.0,7.267635107040405
45,32,72,0.2,5,85,10,4790.0,7.298820972442627
45,38,76,0.5000000000000001,10,85,10,-4699.0,7.386199951171875
20,26,60,0.7000000000000002,5,85,5,-16454.0,7.438913106918335
30,24,78,0.5000000000000001,10,90,15,-8008.0,7.315749168395996
50,30,72,0.2,15,85,10,4803.0,7.315530776977539
45,20,78,0.6000000000000001,10,80,15,4296.0,7.28929328918457
15,20,72,0.30000000000000004,15,90,5,596.0,7.363914966583252
10,32,74,0.2,15,85,15,-81490.0,7.331063747406006
15,36,66,0.4000000000000001,10,90,15,-81512.0,7.2938947677612305
30,32,62,0.7000000000000002,5,80,5,-3466.0,7.438371181488037
15,22,76,0.2,5,75,15,-4805.0,7.29783296585083
15,26,78,0.5000000000000001,15,85,15,-10559.0,7.264442205429077
40,34,66,0.2,15,75,15,13527.0,7.335519075393677
15,26,60,0.6000000000000001,15,75,10,-40888.0,7.344407081604004
30,20,66,0.7000000000000002,10,85,10,15560.0,7.281512022018433
35,36,60,0.30000000000000004,10,85,5,-4738.0,7.38098406791687
10,30,62,0.7000000000000002,5,90,5,-117720.0,7.260422945022583
45,34,74,0.5000000000000001,5,90,5,1725.0,7.208690881729126
50,24,74,0.30000000000000004,10,80,5,6908.0,7.220383882522583
25,28,70,0.4000000000000001,10,75,5,14574.0,7.290106296539307
50,24,78,0.6000000000000001,15,75,5,7871.0,7.220239877700806
10,20,72,0.30000000000000004,20,75,15,-35276.0,7.413645029067993
30,26,66,0.5000000000000001,10,90,15,19370.0,7.368640184402466
15,26,62,0.8000000000000003,10,90,5,-40414.0,7.334498167037964
10,36,62,0.6000000000000001,15,80,15,-152917.0,7.500891923904419
50,30,74,0.6000000000000001,5,75,15,1112.0,7.1911890506744385
10,38,70,0.2,5,90,5,-121618.0,7.2068610191345215
45,28,74,0.7000000000000002,5,75,15,3118.0,7.052487134933472
30,28,66,0.30000000000000004,15,80,15,17446.0,7.094516038894653
30,24,66,0.5000000000000001,10,90,5,16264.0,7.1085968017578125
40,22,78,0.2,15,90,15,6104.0,6.9847071170806885
10,22,66,0.7000000000000002,10,75,10,-51388.0,7.137485980987549
45,22,66,0.30000000000000004,20,75,10,8308.0,7.046227216720581
40,38,68,0.8000000000000003,15,75,15,3301.0,6.952719211578369
50,24,72,0.6000000000000001,10,80,10,10524.0,7.051033020019531
30,36,62,0.8000000000000003,5,80,10,-20662.0,7.023595094680786
20,20,78,0.7000000000000002,10,90,10,5264.0,6.928071022033691
30,26,78,0.5000000000000001,15,80,15,-6180.0,6.921584129333496
40,38,64,0.6000000000000001,10,90,10,-5233.0,6.981784105300903
50,34,68,0.8000000000000003,20,75,5,12862.0,7.003003835678101
40,34,70,0.8000000000000003,10,75,15,11914.0,7.073621988296509
10,38,72,0.7000000000000002,5,75,10,-108702.0,6.9655890464782715
15,38,64,0.2,15,75,5,-103334.0,7.018899917602539
30,36,64,0.8000000000000003,20,85,10,-14276.0,6.993971109390259
45,30,78,0.30000000000000004,15,80,15,274.0,6.866771936416626
15,36,62,0.6000000000000001,5,85,5,-105182.0,7.274443864822388
25,30,68,0.2,20,85,15,846.0,7.2558839321136475
40,30,78,0.2,20,80,5,-2749.0,7.21634578704834
15,26,78,0.30000000000000004,5,80,5,-8237.0,7.190294027328491
10,22,76,0.6000000000000001,10,85,15,-37878.0,7.205923080444336
45,28,66,0.8000000000000003,15,75,5,11290.0,7.225450038909912
15,32,66,0.6000000000000001,15,85,15,-61604.0,7.330271005630493
20,32,78,0.5000000000000001,5,75,5,-11578.0,7.276039123535156
15,36,60,0.7000000000000002,20,80,10,-102946.0,7.340017080307007
45,38,76,0.6000000000000001,20,80,5,-5206.0,7.028005123138428
15,36,66,0.2,5,90,15,-81392.0,7.053370952606201
45,22,74,0.6000000000000001,10,85,15,8504.0,6.9777538776397705
40,26,74,0.8000000000000003,15,80,15,-11418.0,7.007742166519165
40,26,66,0.8000000000000003,20,75,15,20234.0,7.0177929401397705
30,32,76,0.4000000000000001,20,90,10,1483.0,6.994827032089233
30,24,76,0.7000000000000002,5,75,10,214.0,6.975151777267456
15,26,66,0.7000000000000002,10,90,15,-32368.0,6.92350697517395
10,34,74,0.5000000000000001,5,75,5,-91508.0,6.849418878555298
30,38,74,0.4000000000000001,20,90,15,-4890.0,6.857908010482788
35,32,72,0.7000000000000002,15,75,10,10940.0,7.020673751831055
35,34,70,0.30000000000000004,15,75,5,8594.0,6.837188959121704
35,32,78,0.7000000000000002,10,80,5,-2572.0,6.92771315574646
10,30,76,0.7000000000000002,5,80,15,-66586.0,6.98245906829834
45,20,64,0.2,15,80,15,8524.0,7.039950132369995
15,26,76,0.6000000000000001,15,75,10,-11359.0,6.993887186050415
40,30,70,0.2,20,90,10,10076.0,6.93581485748291
20,30,72,0.2,20,75,15,-8394.0,6.903955936431885
15,22,62,0.7000000000000002,5,80,15,-21598.0,6.95595908164978
25,20,64,0.7000000000000002,5,85,10,19750.0,6.939876079559326
30,34,64,0.4000000000000001,5,75,15,-444.0,6.929267883300781
25,28,72,0.5000000000000001,10,75,10,10742.0,6.89837384223938
15,22,60,0.5000000000000001,5,85,10,-23852.0,6.85869574546814
15,36,76,0.4000000000000001,5,80,15,-34562.0,6.9551637172698975
10,36,66,0.2,20,75,15,-144952.0,6.937323808670044
20,26,74,0.2,15,90,15,5114.0,6.972308874130249
40,20,66,0.30000000000000004,5,85,15,12036.0,6.997747898101807
45,34,68,0.8000000000000003,20,75,5,9268.0,7.035410165786743
45,34,60,0.5000000000000001,5,75,5,17220.0,7.032289028167725
25,22,62,0.7000000000000002,10,75,10,15328.0,7.081731081008911
15,34,78,0.2,5,80,15,-25078.0,7.10864520072937
20,28,60,0.5000000000000001,20,80,10,-21532.0,7.075080871582031
25,30,68,0.8000000000000003,10,80,15,574.0,7.054306983947754
20,24,66,0.2,20,80,15,3334.0,7.088360786437988
25,38,78,0.4000000000000001,10,75,5,-8816.0,7.026862859725952
40,20,62,0.5000000000000001,20,75,5,11812.0,7.006715297698975
40,24,76,0.4000000000000001,15,75,15,2634.0,6.975893974304199
20,26,78,0.8000000000000003,10,90,10,1434.0,6.949947118759155
35,32,64,0.7000000000000002,5,85,15,16941.0,7.0998759269714355
25,32,60,0.4000000000000001,15,85,15,-20578.0,7.107666015625
25,22,66,0.5000000000000001,10,85,10,23862.0,6.975131034851074
10,24,68,0.8000000000000003,5,80,10,-63486.0,7.055813789367676
10,22,68,0.6000000000000001,10,85,15,-50670.0,7.031466960906982
50,22,78,0.8000000000000003,5,90,10,5931.0,6.827225923538208
25,24,66,0.7000000000000002,20,80,15,14702.0,6.946192026138306
30,32,64,0.6000000000000001,20,80,10,1366.0,6.963275909423828
45,22,70,0.2,20,80,10,8008.0,6.941110849380493
25,30,64,0.8000000000000003,10,85,15,6598.0,7.014698266983032
45,38,62,0.8000000000000003,20,75,10,-1582.0,7.0311501026153564
45,20,60,0.5000000000000001,10,80,5,9136.0,6.961590766906738
25,34,68,0.4000000000000001,10,90,10,-13862.0,6.972472667694092
10,36,64,0.30000000000000004,5,90,5,-152466.0,7.09590220451355
45,34,76,0.8000000000000003,15,80,5,-2184.0,6.8889689445495605
15,38,62,0.30000000000000004,5,90,5,-117818.0,7.078164339065552
10,20,64,0.4000000000000001,15,75,10,-41410.0,7.083483934402466
15,34,76,0.5000000000000001,10,75,5,-33356.0,7.009392738342285
45,32,76,0.6000000000000001,15,75,10,-1790.0,7.0060529708862305
50,22,66,0.8000000000000003,5,80,15,8438.0,7.071871042251587
25,24,68,0.4000000000000001,5,75,10,15697.0,7.028491973876953
50,32,60,0.30000000000000004,10,90,5,28284.0,7.065868139266968
20,22,76,0.2,20,85,10,6822.0,7.10420823097229
10,36,78,0.30000000000000004,20,90,10,-72848.0,7.084406137466431
15,38,76,0.2,20,90,15,-39034.0,7.095777988433838
10,26,62,0.7000000000000002,15,75,5,-86522.0,7.187894821166992
35,26,62,0.8000000000000003,10,85,15,18796.0,7.115744113922119
15,36,76,0.4000000000000001,20,75,5,-37685.0,7.168072938919067
25,30,72,0.6000000000000001,15,75,5,5922.0,7.1991541385650635
10,26,74,0.4000000000000001,15,80,15,-58334.0,7.152554035186768
35,30,78,0.5000000000000001,20,75,10,-2076.0,7.073780059814453
45,26,64,0.8000000000000003,5,90,10,17266.0,7.126158952713013
10,24,60,0.2,15,85,15,-68609.0,7.292167901992798
15,32,74,0.30000000000000004,20,85,15,-31740.0,7.400074243545532
25,22,66,0.2,15,90,10,21976.0,7.328075647354126
40,34,70,0.7000000000000002,10,85,5,11372.0,7.401809930801392
25,32,68,0.5000000000000001,20,75,10,-9542.0,7.255074977874756
40,24,78,0.7000000000000002,15,75,5,-1960.0,7.29428505897522
50,20,66,0.5000000000000001,20,75,5,6912.0,7.312416076660156
15,36,72,0.6000000000000001,20,80,15,-45706.0,7.400684118270874
30,30,76,0.6000000000000001,20,85,5,1267.0,7.397815942764282
50,30,74,0.4000000000000001,20,90,15,297.0,7.2219109535217285
25,38,70,0.2,15,90,10,-19599.0,7.176547050476074
40,30,64,0.30000000000000004,20,75,10,19094.0,7.321645975112915
35,32,74,0.7000000000000002,15,85,10,2664.0,7.330904006958008
30,22,78,0.8000000000000003,15,75,5,-3609.0,7.118459701538086
30,22,70,0.7000000000000002,5,85,15,15646.0,7.2960309982299805
45,26,68,0.4000000000000001,10,80,5,11216.0,7.353623867034912
10,28,62,0.4000000000000001,10,90,10,-97062.0,7.370203971862793
30,22,74,0.30000000000000004,10,90,5,13794.0,7.253023862838745
25,22,64,0.7000000000000002,10,75,15,20806.0,7.142787933349609
45,34,68,0.30000000000000004,15,90,5,12418.0,7.255408763885498
35,36,76,0.8000000000000003,5,80,5,-4897.0,7.124927997589111
35,32,68,0.6000000000000001,10,90,5,18874.0,7.166352272033691
50,34,66,0.7000000000000002,15,90,5,22235.0,7.14509391784668
10,32,60,0.5000000000000001,15,85,15,-126604.0,7.3114402294158936
45,22,66,0.7000000000000002,10,90,10,7712.0,7.176625967025757
10,22,70,0.8000000000000003,15,80,15,-47898.0,7.174623012542725
50,34,76,0.8000000000000003,10,85,10,1248.0,7.143778085708618
35,20,70,0.2,5,75,5,10566.0,7.050562858581543
10,32,78,0.4000000000000001,10,75,15,-64298.0,7.241780042648315
50,24,74,0.5000000000000001,15,75,10,5314.0,7.154276132583618
25,22,78,0.4000000000000001,15,80,10,5410.0,7.151449918746948
50,24,70,0.8000000000000003,15,80,5,9754.0,7.111955881118774
45,24,78,0.7000000000000002,15,80,10,4482.0,7.048821926116943
35,24,60,0.6000000000000001,10,80,10,16660.0,7.232100963592529
10,22,78,0.30000000000000004,5,75,5,-35682.0,7.156059741973877
30,34,66,0.2,20,90,10,-124.0,7.191983938217163
35,34,78,0.6000000000000001,15,85,15,-4522.0,7.250220775604248
10,24,74,0.8000000000000003,5,80,10,-52608.0,7.274456024169922
30,32,66,0.4000000000000001,15,80,5,2981.0,7.426774978637695
30,30,66,0.6000000000000001,5,90,10,10732.0,7.526038885116577
15,36,64,0.7000000000000002,15,85,5,-94894.0,7.496152639389038
30,36,76,0.30000000000000004,10,90,15,-3082.0,7.4567930698394775
40,22,68,0.30000000000000004,10,90,10,11188.0,7.3949220180511475
30,32,72,0.8000000000000003,10,85,10,12893.0,7.4577319622039795
30,38,62,0.7000000000000002,20,90,5,-34390.0,7.457841873168945
35,36,66,0.2,20,90,10,3550.0,7.291115045547485
45,30,70,0.6000000000000001,20,75,5,16620.0,7.2773919105529785
15,32,78,0.30000000000000004,5,85,5,-24017.0,7.158552646636963
50,32,76,0.7000000000000002,20,85,15,2514.0,7.184041976928711
15,30,76,0.2,20,75,5,-18852.0,7.275059938430786
20,34,76,0.4000000000000001,5,85,5,-15401.0,7.100031852722168
30,30,68,0.2,5,75,15,13086.0,7.221725940704346
20,34,66,0.6000000000000001,15,75,10,-40290.0,7.215293884277344
25,32,60,0.7000000000000002,20,80,10,-19618.0,7.202353000640869
10,32,66,0.6000000000000001,20,85,5,-128736.0,7.155562877655029
30,22,78,0.7000000000000002,10,75,5,-595.0,7.033745765686035
20,26,64,0.30000000000000004,10,85,5,-6944.0,7.247018098831177
50,36,60,0.2,10,80,5,25006.0,7.30429482460022
30,26,74,0.8000000000000003,20,75,15,9944.0,7.160226106643677
35,34,76,0.2,10,90,5,-2992.0,7.278335809707642
30,30,66,0.7000000000000002,10,85,15,10081.0,7.2543721199035645
40,36,66,0.2,10,90,15,4503.0,7.219666004180908
30,30,66,0.2,10,90,5,13011.0,7.314510822296143
25,34,72,0.7000000000000002,10,90,5,-3046.0,7.306009769439697
35,20,62,0.7000000000000002,20,80,5,14416.0,7.422021150588989
45,30,78,0.30000000000000004,10,75,10,1515.0,7.364001989364624
10,34,70,0.2,15,80,10,-118510.0,7.455920934677124
25,36,74,0.4000000000000001,10,75,10,-4844.0,7.378731966018677
20,28,60,0.7000000000000002,5,75,10,-20468.0,7.3782830238342285
35,28,70,0.7000000000000002,10,80,10,10808.0,7.319772243499756
50,26,68,0.6000000000000001,15,75,5,7052.0,7.294978141784668
40,30,66,0.5000000000000001,15,85,10,19469.0,7.467230796813965
10,28,64,0.8000000000000003,20,90,5,-94332.0,7.281278848648071
15,36,72,0.4000000000000001,15,90,5,-51468.0,7.5664660930633545
15,30,72,0.5000000000000001,5,90,15,-26282.0,7.890707969665527
40,38,76,0.6000000000000001,5,90,15,-6053.0,7.80996561050415
45,20,66,0.4000000000000001,5,75,10,7044.0,7.804884910583496
10,22,78,0.30000000000000004,20,80,15,-34988.0,7.859425067901611
30,22,70,0.30000000000000004,10,80,15,16214.0,7.87357497215271
25,22,76,0.7000000000000002,10,75,10,10340.0,7.8064892292022705
40,36,64,0.7000000000000002,5,80,5,2476.0,7.84638524055481
40,34,78,0.4000000000000001,10,80,10,-2818.0,7.730567932128906
45,38,76,0.4000000000000001,10,75,15,-5274.0,7.562112092971802
30,34,74,0.5000000000000001,10,90,5,2306.0,7.526379108428955
45,36,74,0.6000000000000001,10,80,5,-657.0,7.618179082870483
40,22,60,0.30000000000000004,15,80,5,14287.0,7.424743890762329
50,24,72,0.7000000000000002,10,85,15,9658.0,7.551660060882568
35,20,70,0.6000000000000001,20,90,10,9525.0,7.474616050720215
50,32,72,0.2,15,75,10,5864.0,7.519689083099365
35,24,60,0.8000000000000003,10,90,10,16236.0,7.539525032043457
15,30,72,0.7000000000000002,15,90,5,-29364.0,7.440722227096558
10,26,72,0.30000000000000004,5,75,10,-67285.0,7.491541147232056
40,34,66,0.5000000000000001,20,85,15,13320.0,7.410935878753662
40,36,60,0.2,5,80,15,-2052.0,7.436755895614624
45,34,78,0.4000000000000001,10,80,10,-1837.0,7.379596948623657
10,28,68,0.7000000000000002,10,80,5,-93974.0,7.378237962722778
50,20,66,0.4000000000000001,20,80,10,7004.0,7.307098150253296
15,24,74,0.8000000000000003,10,80,15,-8687.0,7.311432838439941
45,36,66,0.7000000000000002,5,85,15,15898.0,7.356543064117432
45,26,76,0.5000000000000001,15,80,10,1620.0,7.162611961364746
35,24,78,0.2,15,85,15,-7161.0,7.2786359786987305
30,36,74,0.2,20,75,5,-1598.0,7.174723148345947
30,20,66,0.8000000000000003,15,75,10,15560.0,7.170604705810547
25,26,78,0.4000000000000001,15,80,15,464.0,7.211603879928589
15,36,70,0.5000000000000001,20,75,15,-55073.0,7.274055004119873
45,30,72,0.8000000000000003,10,80,5,7692.0,7.204876899719238
30,30,74,0.8000000000000003,15,85,5,7504.0,7.286351203918457
10,38,66,0.4000000000000001,5,90,5,-159983.0,7.273413896560669
15,32,60,0.7000000000000002,20,90,15,-77767.0,7.2242419719696045
30,28,68,0.30000000000000004,10,80,5,17392.0,7.171457052230835
45,30,74,0.7000000000000002,10,80,5,5093.0,7.366747856140137
20,26,64,0.2,5,85,5,-4384.0,7.500571012496948
30,28,70,0.8000000000000003,5,80,5,11158.0,7.480304002761841
45,30,66,0.2,20,85,10,11515.0,7.304234981536865
15,20,74,0.30000000000000004,5,90,15,-3954.0,7.418933153152466
30,36,72,0.2,10,90,15,-1746.0,7.386289834976196
20,36,78,0.30000000000000004,10,75,5,-18416.0,7.321238040924072
40,26,70,0.30000000000000004,20,75,10,2138.0,7.439929723739624
30,38,66,0.5000000000000001,15,90,15,-16978.0,7.717866897583008
25,32,74,0.30000000000000004,15,75,15,4662.0,7.90321683883667
20,20,62,0.6000000000000001,5,75,5,7777.0,7.73219895362854
30,22,62,0.2,15,75,5,18990.0,7.901149034500122
50,38,60,0.4000000000000001,10,80,10,12066.0,7.908221006393433
50,38,70,0.6000000000000001,5,80,10,7416.0,8.005697011947632
45,32,60,0.8000000000000003,5,85,15,20667.0,7.93290114402771
10,36,62,0.7000000000000002,20,75,10,-153058.0,8.066447973251343
15,32,78,0.6000000000000001,10,80,10,-21498.0,7.747833251953125
15,30,70,0.5000000000000001,10,85,15,-33558.0,7.754503011703491
40,28,74,0.8000000000000003,15,90,5,-5009.0,7.708287000656128
10,22,70,0.6000000000000001,15,75,15,-47898.0,7.7020039558410645
10,36,78,0.5000000000000001,20,75,5,-73476.0,7.5972020626068115
15,28,64,0.7000000000000002,10,90,15,-43491.0,7.76764702796936
40,26,72,0.6000000000000001,10,90,15,-3977.0,7.627963066101074
20,38,78,0.6000000000000001,10,85,10,-17074.0,7.819649934768677
10,38,64,0.8000000000000003,15,80,15,-155778.0,7.825230121612549
15,26,64,0.8000000000000003,5,75,15,-34760.0,7.608366966247559
50,28,72,0.7000000000000002,20,75,5,-1839.0,7.4607157707214355
25,36,72,0.6000000000000001,10,80,5,-8018.0,7.380028247833252
20,36,64,0.5000000000000001,5,80,15,-57604.0,7.456891059875488
40,32,64,0.6000000000000001,10,80,5,21350.0,7.3770623207092285
20,24,64,0.30000000000000004,5,75,5,-750.0,7.5676610469818115
35,34,66,0.4000000000000001,15,80,5,8384.0,7.444333791732788
45,24,60,0.4000000000000001,20,85,5,14672.0,7.489489793777466
40,28,72,0.6000000000000001,20,75,15,-2522.0,7.466869831085205
20,26,76,0.4000000000000001,20,75,5,4444.0,7.540179967880249
50,28,78,0.2,10,85,5,-337.0,7.454585790634155
30,38,64,0.30000000000000004,20,75,15,-22054.0,7.753896951675415
45,30,74,0.6000000000000001,20,75,5,5014.0,7.695734739303589
50,24,76,0.7000000000000002,15,85,15,8598.0,7.656312942504883
10,26,60,0.7000000000000002,5,90,15,-79589.0,7.749798774719238
30,30,78,0.6000000000000001,15,80,10,-1083.0,7.766102075576782
10,20,66,0.5000000000000001,10,75,15,-39916.0,7.58405876159668
10,20,72,0.8000000000000003,10,90,15,-34856.0,7.619342803955078
30,38,70,0.2,5,80,15,-6592.0,7.367983102798462
20,20,60,0.5000000000000001,20,90,10,6810.0,7.541894912719727
20,34,60,0.6000000000000001,5,80,5,-62118.0,7.643702030181885
50,26,60,0.5000000000000001,20,85,10,15966.0,7.689064979553223
45,28,78,0.2,5,85,15,-1681.0,7.582197904586792
30,38,70,0.30000000000000004,5,90,5,-7551.0,7.567486047744751
15,24,60,0.7000000000000002,10,85,5,-32262.0,7.572206020355225
30,34,74,0.2,10,90,15,2026.0,7.561922073364258
25,26,64,0.30000000000000004,10,80,5,13420.0,7.658945083618164
25,36,64,0.2,10,85,15,-31016.0,7.598723649978638
50,22,66,0.4000000000000001,20,90,5,8617.0,7.474272012710571
10,20,78,0.5000000000000001,10,75,15,-25408.0,7.274104833602905
30,20,66,0.5000000000000001,5,90,10,15176.0,7.33196496963501
35,20,74,0.6000000000000001,5,90,15,11699.0,7.327335834503174
30,26,74,0.2,20,75,15,13826.0,7.272241830825806
15,38,72,0.2,10,75,10,-56286.0,7.383795976638794
15,28,72,0.7000000000000002,10,85,5,-20206.0,7.397310018539429
20,38,72,0.30000000000000004,10,85,5,-35548.0,7.319831848144531
40,28,68,0.6000000000000001,15,75,15,11333.0,7.430524110794067
25,28,72,0.7000000000000002,20,80,5,10420.0,7.3318421840667725
25,30,70,0.5000000000000001,15,90,10,6105.0,7.523864030838013
40,30,70,0.8000000000000003,10,90,15,11075.0,7.646744012832642
35,22,72,0.2,20,80,5,12597.0,7.513913869857788
50,22,66,0.8000000000000003,20,90,10,8438.0,7.4929540157318115
25,22,60,0.6000000000000001,15,85,5,15556.0,7.570437908172607
20,20,76,0.6000000000000001,5,85,10,12989.0,7.55308198928833
20,34,66,0.8000000000000003,10,75,10,-39324.0,7.485683917999268
35,30,60,0.2,15,80,10,12741.0,7.457842111587524
30,30,66,0.4000000000000001,15,90,5,11452.0,7.46497917175293
50,32,66,0.4000000000000001,15,80,15,12760.0,7.480926990509033
20,32,72,0.30000000000000004,5,80,5,-17778.0,7.471750974655151
40,36,76,0.8000000000000003,20,90,10,-3635.0,7.598127841949463
40,22,76,0.5000000000000001,20,75,15,8082.0,7.411141872406006
35,22,64,0.6000000000000001,15,85,10,17951.0,7.539578199386597
50,36,66,0.6000000000000001,20,85,10,22416.0,7.580140113830566
35,20,62,0.5000000000000001,15,75,10,13957.0,7.553034067153931
15,26,60,0.30000000000000004,15,85,10,-41004.0,7.457267999649048
10,24,62,0.6000000000000001,20,80,15,-66348.0,7.435321092605591
15,22,70,0.7000000000000002,20,75,5,-5722.0,7.534528017044067
15,30,64,0.4000000000000001,20,80,5,-57200.0,7.505189895629883
20,32,78,0.8000000000000003,15,85,10,-10598.0,7.46552300453186
50,32,64,0.8000000000000003,15,75,5,20267.0,7.452565908432007
20,20,66,0.2,15,80,10,14044.0,7.4590699672698975
15,32,64,0.6000000000000001,20,80,5,-73476.0,7.409219980239868
10,28,62,0.30000000000000004,5,75,10,-98528.0,7.579132795333862
10,32,74,0.4000000000000001,10,85,5,-85760.0,7.464040994644165
25,22,70,0.2,20,90,10,20330.0,7.341986179351807
10,36,64,0.4000000000000001,15,85,10,-152709.0,7.645503997802734
20,34,70,0.6000000000000001,20,80,10,-27096.0,7.487534046173096
45,32,62,0.6000000000000001,5,85,15,20680.0,7.495628118515015
20,20,60,0.30000000000000004,5,90,5,7534.0,7.521122932434082
40,28,76,0.5000000000000001,10,80,10,-3944.0,7.395611047744751
15,26,76,0.7000000000000002,15,90,15,-9738.0,7.496941089630127
15,30,72,0.4000000000000001,10,90,5,-29218.0,7.427976846694946
30,26,64,0.5000000000000001,10,85,15,18858.0,7.3813581466674805
35,30,60,0.8000000000000003,10,80,15,12399.0,7.37434196472168
40,28,76,0.7000000000000002,20,90,10,-3424.0,7.544236183166504
25,22,72,0.4000000000000001,10,90,10,15799.0,7.417759895324707
25,36,64,0.30000000000000004,15,85,10,-33766.0,7.50616192817688
25,32,64,0.2,10,80,15,-7102.0,7.478443145751953
50,20,78,0.7000000000000002,10,90,10,3161.0,7.504045009613037
30,20,68,0.2,10,80,15,14408.0,7.486799240112305
30,32,70,0.2,5,80,10,6462.0,7.509392738342285
30,34,68,0.2,10,75,15,1069.0,7.39713716506958
35,30,64,0.7000000000000002,10,80,10,19020.0,7.3443379402160645
15,22,72,0.30000000000000004,5,90,5,-766.0,7.7306060791015625
30,36,72,0.7000000000000002,5,75,15,2704.0,7.740840196609497
25,38,70,0.30000000000000004,20,90,15,-19630.0,7.856295824050903
30,34,64,0.6000000000000001,15,75,5,-4078.0,7.833600997924805
30,30,72,0.6000000000000001,10,90,5,14742.0,7.89736795425415
25,28,62,0.5000000000000001,5,90,5,-4372.0,7.837799072265625
10,28,70,0.8000000000000003,15,85,10,-86255.0,8.010236978530884
25,28,66,0.7000000000000002,10,85,5,5292.0,7.710814952850342
30,26,62,0.6000000000000001,15,80,15,16890.0,7.653242111206055
40,32,76,0.30000000000000004,10,80,5,-417.0,7.374858140945435
30,24,62,0.4000000000000001,15,90,10,17694.0,7.392759084701538
30,32,74,0.8000000000000003,10,75,5,5842.0,7.411719083786011
30,28,70,0.7000000000000002,15,85,15,12866.0,7.46828818321228
40,38,76,0.6000000000000001,20,75,10,-6164.0,7.500108957290649
30,34,68,0.5000000000000001,15,80,10,1828.0,7.436605930328369
50,26,62,0.4000000000000001,15,90,15,15508.0,7.485210180282593
20,28,76,0.2,20,80,5,1618.0,7.2930192947387695
30,36,74,0.30000000000000004,15,80,5,-1512.0,7.443530082702637
35,24,70,0.2,20,85,5,9626.0,7.522110939025879
10,20,68,0.5000000000000001,10,75,15,-41022.0,7.504122972488403
40,30,72,0.7000000000000002,10,85,15,1560.0,7.477085113525391
45,22,62,0.2,5,80,10,9307.0,7.468337059020996
40,28,72,0.8000000000000003,10,90,10,-2522.0,7.456447124481201
30,32,76,0.7000000000000002,15,75,10,2153.0,7.5034379959106445
10,26,72,0.7000000000000002,5,90,10,-66735.0,7.4782938957214355
20,20,64,0.5000000000000001,20,85,15,11047.0,7.484282732009888
40,26,74,0.5000000000000001,5,75,10,-11203.0,7.660824298858643
50,28,74,0.7000000000000002,15,90,5,-1639.0,7.733337163925171
20,22,62,0.2,20,75,10,2901.0,7.780948162078857
15,22,78,0.4000000000000001,20,85,15,-4891.0,7.688924312591553
45,26,64,0.7000000000000002,5,75,10,17266.0,7.692438125610352
35,20,62,0.7000000000000002,15,85,15,12714.0,7.671053886413574
45,32,76,0.5000000000000001,15,75,10,-1465.0,7.852666854858398
40,28,74,0.8000000000000003,15,80,10,-4946.0,7.818618297576904
30,24,66,0.6000000000000001,20,90,15,15140.0,7.510025978088379
35,38,68,0.30000000000000004,5,80,10,-4804.0,7.487609148025513
50,32,70,0.8000000000000003,5,85,5,9600.0,7.534511089324951
15,36,66,0.30000000000000004,10,75,10,-83000.0,7.661492109298706
45,20,64,0.5000000000000001,5,75,5,8471.0,7.5507049560546875
15,30,78,0.2,15,90,5,-17234.0,7.562548875808716
25,36,68,0.5000000000000001,20,85,10,-20888.0,7.651417016983032
25,36,76,0.8000000000000003,10,75,5,-8540.0,7.609589099884033
10,34,64,0.6000000000000001,15,75,10,-139623.0,7.644222021102905
15,34,64,0.5000000000000001,20,85,5,-86231.0,7.537548065185547
15,26,64,0.6000000000000001,20,90,15,-34760.0,7.437281847000122
35,38,64,0.2,15,75,15,-13507.0,7.791553974151611
35,30,78,0.7000000000000002,20,75,15,-1350.0,7.69647479057312
15,20,62,0.2,15,75,10,-17242.0,7.84426212310791
50,34,60,0.7000000000000002,20,85,5,26994.0,7.83318829536438
25,28,74,0.8000000000000003,15,90,10,12184.0,7.756969928741455
15,24,74,0.8000000000000003,5,75,15,-8687.0,7.816833019256592
35,20,64,0.30000000000000004,15,85,10,14419.0,7.808393955230713
45,34,78,0.6000000000000001,15,85,10,-1614.0,7.662912607192993
10,28,76,0.2,10,75,5,-56033.0,7.860911846160889
15,36,62,0.8000000000000003,5,75,5,-100914.0,7.719204902648926
10,32,66,0.7000000000000002,15,85,10,-121213.0,7.799210071563721
30,30,60,0.2,20,75,10,1260.0,7.709935188293457
15,32,74,0.7000000000000002,5,85,5,-35430.0,7.708319187164307
15,24,62,0.2,5,80,15,-30082.0,7.800950765609741
15,20,74,0.8000000000000003,10,90,5,-4400.0,7.7800891399383545
20,26,70,0.30000000000000004,5,80,10,3122.0,7.71622109413147
35,34,72,0.30000000000000004,20,85,15,6058.0,7.6383209228515625
10,38,74,0.7000000000000002,20,75,10,-93844.0,7.550642967224121
30,26,76,0.8000000000000003,15,85,5,3444.0,7.47210693359375
45,24,68,0.8000000000000003,10,90,15,10902.0,7.483134031295776
45,32,78,0.30000000000000004,20,85,10,184.0,7.378931045532227
50,38,68,0.5000000000000001,5,85,15,8399.0,7.646178960800171
50,32,66,0.2,5,75,5,11684.0,7.581543922424316
50,28,60,0.7000000000000002,10,85,5,21800.0,7.504913330078125
45,26,72,0.6000000000000001,5,90,5,3290.0,7.555566072463989
10,34,72,0.6000000000000001,20,80,10,-102711.0,7.501168966293335
50,26,74,0.4000000000000001,5,90,5,-2768.0,7.748067855834961
20,38,78,0.6000000000000001,5,90,5,-19450.0,8.04830288887024
30,34,62,0.2,20,85,15,-7268.0,8.050487995147705
20,38,78,0.7000000000000002,5,75,15,-17066.0,8.111124992370605
25,36,66,0.8000000000000003,5,85,5,-25890.0,8.045284032821655
20,26,78,0.7000000000000002,15,90,10,1434.0,8.105472087860107
45,22,66,0.2,20,85,15,8362.0,8.079303979873657
15,30,72,0.8000000000000003,20,80,15,-25440.0,8.113924026489258
40,28,74,0.6000000000000001,10,80,5,-6028.0,7.872859954833984
50,26,68,0.4000000000000001,10,85,15,8216.0,7.7918479442596436
35,36,66,0.8000000000000003,5,75,15,3022.0,7.612874984741211
50,24,64,0.4000000000000001,10,90,10,13088.0,7.551201105117798
25,30,62,0.8000000000000003,10,90,10,-5136.0,7.661215782165527
10,20,62,0.7000000000000002,15,85,10,-39852.0,7.592232942581177
50,22,76,0.2,5,85,15,9021.0,7.475966930389404
45,28,72,0.30000000000000004,15,85,15,5037.0,7.4894750118255615
15,26,62,0.7000000000000002,10,75,5,-42322.0,7.6016528606414795
20,28,62,0.4000000000000001,15,90,10,-23150.0,7.502103805541992
30,26,62,0.4000000000000001,20,80,5,15312.0,7.437372207641602
20,32,64,0.5000000000000001,5,75,5,-41446.0,7.555760145187378
40,30,68,0.30000000000000004,20,85,15,8463.0,7.5595409870147705
35,28,72,0.8000000000000003,5,80,10,6772.0,7.545543909072876
45,22,76,0.5000000000000001,10,80,5,9026.0,7.497323989868164
40,32,78,0.8000000000000003,20,85,10,-1937.0,7.523999929428101
30,26,68,0.5000000000000001,15,80,15,18692.0,7.511663913726807
15,22,72,0.5000000000000001,10,90,10,-1050.0,7.441481113433838
10,26,62,0.8000000000000003,20,75,5,-81658.0,7.422232151031494
40,28,60,0.4000000000000001,15,75,15,19116.0,7.340835094451904
25,22,60,0.30000000000000004,5,75,15,16154.0,7.470008134841919
50,34,68,0.5000000000000001,10,85,15,13402.0,7.4960291385650635
50,28,78,0.4000000000000001,10,75,5,26.0,7.415370941162109
45,34,62,0.6000000000000001,20,85,10,14422.0,7.453873157501221
25,32,66,0.6000000000000001,15,90,10,-9902.0,7.512006998062134
20,34,60,0.4000000000000001,10,90,10,-60199.0,7.617196083068848
20,34,62,0.6000000000000001,15,90,10,-55739.0,7.574952840805054
20,28,64,0.2,15,85,5,-12978.0,7.389892101287842
50,22,78,0.7000000000000002,15,80,15,5931.0,7.411326169967651
35,26,76,0.2,10,90,10,-7968.0,7.486082077026367
30,30,72,0.5000000000000001,15,85,15,14101.0,7.48245096206665
40,22,60,0.7000000000000002,15,85,10,14514.0,7.508793830871582
50,38,76,0.2,10,85,10,-3749.0,7.523363828659058
40,24,78,0.7000000000000002,20,80,5,-2092.0,7.45543098449707
10,26,64,0.30000000000000004,10,75,10,-82742.0,7.602849006652832
10,34,78,0.30000000000000004,20,90,15,-70671.0,7.580404996871948
20,26,78,0.4000000000000001,5,90,5,130.0,7.421797037124634
15,20,66,0.5000000000000001,10,85,5,-11654.0,7.387411117553711
35,22,66,0.7000000000000002,10,85,10,17574.0,7.503205060958862
35,26,68,0.8000000000000003,20,85,15,15600.0,7.481188774108887
10,26,68,0.5000000000000001,10,90,5,-81736.0,7.517898082733154
45,32,74,0.8000000000000003,10,90,15,2345.0,7.558064222335815
15,26,66,0.2,20,75,10,-29554.0,7.742768049240112
20,22,68,0.30000000000000004,10,75,15,12665.0,7.5830488204956055
15,30,62,0.8000000000000003,15,80,5,-62604.0,7.638509035110474
45,34,72,0.6000000000000001,10,85,15,1820.0,7.4177939891815186
10,32,62,0.6000000000000001,5,90,15,-124572.0,7.481682062149048
45,36,66,0.5000000000000001,20,80,5,15390.0,7.402892112731934
40,24,60,0.7000000000000002,5,85,10,17412.0,7.463022232055664
20,32,62,0.4000000000000001,20,80,15,-46794.0,7.443959951400757
10,20,60,0.2,5,90,15,-40506.0,7.539624929428101
35,30,78,0.7000000000000002,20,75,10,-1350.0,7.414631128311157
20,32,60,0.6000000000000001,5,75,15,-45195.0,7.471406936645508
40,36,64,0.8000000000000003,20,90,15,3710.0,7.514732122421265
40,28,60,0.4000000000000001,20,80,5,19096.0,7.303071975708008
40,26,70,0.4000000000000001,10,80,15,772.0,7.2879109382629395
15,32,72,0.5000000000000001,20,80,15,-36091.0,7.377035856246948
35,24,64,0.30000000000000004,10,90,15,18988.0,7.377452850341797
45,38,70,0.2,10,90,5,6580.0,7.392602205276489
15,22,76,0.2,5,90,15,-4936.0,7.3980560302734375
25,36,78,0.6000000000000001,5,80,10,-6662.0,7.437449932098389
45,28,76,0.7000000000000002,5,85,10,-3552.0,7.377902030944824
50,20,62,0.8000000000000003,15,80,10,9056.0,7.377706289291382
25,30,62,0.6000000000000001,5,75,5,-6462.0,7.331214666366577
10,36,72,0.6000000000000001,20,90,10,-105624.0,7.520846128463745
50,20,72,0.8000000000000003,20,75,10,8143.0,7.324646711349487
20,20,74,0.4000000000000001,10,90,10,14929.0,7.3865039348602295
30,30,78,0.4000000000000001,20,80,5,-1126.0,7.34970498085022
20,34,60,0.6000000000000001,10,80,15,-55279.0,7.399778842926025
45,28,66,0.2,15,75,10,11686.0,7.429933071136475
45,38,72,0.8000000000000003,5,90,15,83.0,7.44054913520813
10,32,60,0.8000000000000003,10,80,15,-126602.0,7.506990194320679
25,30,70,0.5000000000000001,5,90,5,7368.0,7.354583024978638
45,38,70,0.5000000000000001,15,80,5,6359.0,7.3972742557525635
45,28,78,0.6000000000000001,10,90,5,-1226.0,7.566035032272339
40,26,70,0.2,15,85,15,2460.0,7.505825996398926
10,30,76,0.5000000000000001,15,75,10,-68350.0,7.524912118911743
20,30,68,0.7000000000000002,5,75,5,-23219.0,7.601446151733398
45,24,60,0.30000000000000004,10,85,15,15186.0,7.544662952423096
15,28,72,0.7000000000000002,20,75,5,-19416.0,7.54242205619812
10,28,60,0.6000000000000001,20,80,5,-99218.0,7.621664762496948
25,20,68,0.2,5,85,15,20364.0,7.496959924697876
15,36,60,0.2,20,90,5,-104046.0,7.531030178070068
15,36,72,0.30000000000000004,5,85,10,-48754.0,7.51120924949646
50,24,68,0.2,5,75,5,10524.0,7.386642932891846
20,38,72,0.30000000000000004,15,85,15,-33974.0,7.44006872177124
10,28,70,0.30000000000000004,15,85,15,-83987.0,7.596598863601685
40,32,68,0.6000000000000001,5,80,10,12880.0,7.474492788314819
25,30,78,0.30000000000000004,20,80,5,3090.0,7.46478009223938
10,32,72,0.4000000000000001,15,90,5,-97313.0,7.482846975326538
20,24,72,0.5000000000000001,5,85,15,3914.0,7.44120717048645
15,22,62,0.6000000000000001,10,90,10,-22639.0,7.334618330001831
50,28,64,0.7000000000000002,15,75,10,18780.0,7.365854024887085
35,24,62,0.6000000000000001,15,80,10,18060.0,7.388034105300903
20,22,60,0.2,20,80,15,1957.0,7.441448926925659
30,38,62,0.6000000000000001,15,80,15,-30208.0,7.506416082382202
15,34,62,0.8000000000000003,15,75,10,-86428.0,7.57256007194519
50,38,78,0.7000000000000002,20,75,10,-6427.0,7.488138914108276
30,38,76,0.4000000000000001,15,75,5,-4464.0,7.515033006668091
20,20,70,0.30000000000000004,10,85,5,15526.0,7.512509822845459
45,30,74,0.4000000000000001,20,90,5,4774.0,7.408553123474121
45,26,72,0.30000000000000004,20,90,5,2932.0,7.272960186004639
10,32,76,0.2,20,75,10,-72919.0,7.385599136352539
10,32,74,0.8000000000000003,10,85,10,-79009.0,7.40696120262146
35,24,66,0.7000000000000002,10,80,15,19670.0,7.252791166305542
50,34,68,0.7000000000000002,10,85,10,13402.0,7.316359758377075
20,36,66,0.6000000000000001,10,80,5,-54680.0,7.307725191116333
40,32,74,0.5000000000000001,10,90,15,-2299.0,7.404448747634888
35,26,70,0.7000000000000002,15,80,10,7770.0,7.354593992233276
30,38,68,0.5000000000000001,10,90,5,-12382.0,7.2515950202941895
30,32,70,0.7000000000000002,20,75,5,6736.0,7.2364821434021
40,22,68,0.30000000000000004,5,90,5,11813.0,7.155428886413574
35,32,70,0.7000000000000002,15,90,10,14138.0,7.165805816650391
50,38,76,0.30000000000000004,15,85,15,-3387.0,7.2563700675964355
20,28,72,0.30000000000000004,20,80,5,-1077.0,7.2963502407073975
20,24,62,0.6000000000000001,15,80,15,-5454.0,7.2877161502838135
15,36,70,0.4000000000000001,15,75,10,-58746.0,7.349700212478638
25,26,74,0.8000000000000003,15,75,15,17256.0,7.286980152130127
20,36,60,0.30000000000000004,15,90,10,-74387.0,7.251529932022095
35,36,76,0.30000000000000004,5,80,15,-4702.0,7.219256162643433
15,36,68,0.7000000000000002,15,75,10,-63878.0,7.26114296913147
30,24,70,0.30000000000000004,10,90,15,11964.0,7.384773015975952
40,28,70,0.30000000000000004,10,80,10,7721.0,7.252900838851929
25,22,72,0.8000000000000003,10,90,5,15249.0,7.262333869934082
50,22,68,0.4000000000000001,20,75,10,8545.0,7.2965381145477295
45,32,60,0.5000000000000001,10,80,15,20667.0,7.366199970245361
45,32,72,0.5000000000000001,10,80,10,6118.0,7.359218120574951
20,26,68,0.5000000000000001,15,85,5,-1424.0,7.249147891998291
15,26,60,0.8000000000000003,10,75,15,-40475.0,7.362216234207153
15,28,60,0.8000000000000003,20,75,10,-51226.0,7.258130073547363
15,32,76,0.7000000000000002,10,90,5,-28728.0,7.251575946807861
35,22,62,0.6000000000000001,15,90,5,17052.0,7.177751779556274
25,38,68,0.2,10,75,5,-26380.0,7.259752988815308
40,30,66,0.8000000000000003,5,90,10,16751.0,7.270088195800781
10,28,62,0.2,5,85,5,-94724.0,7.297476768493652
30,36,66,0.5000000000000001,15,85,5,-15986.0,7.284598112106323
45,24,68,0.30000000000000004,20,75,15,9545.0,7.241025924682617
30,30,68,0.30000000000000004,20,80,5,11604.0,7.293324708938599
10,26,64,0.4000000000000001,20,75,15,-80384.0,7.382248878479004
25,34,70,0.8000000000000003,20,80,10,-5268.0,7.201979160308838
30,24,76,0.30000000000000004,5,75,15,23.0,7.190757989883423
35,26,74,0.7000000000000002,15,80,15,-399.0,7.26152491569519
50,36,64,0.5000000000000001,10,85,15,20340.0,7.262641191482544
10,24,78,0.2,10,85,5,-40362.0,7.3645899295806885
30,26,76,0.7000000000000002,20,80,5,3715.0,7.36869215965271
15,30,62,0.2,10,75,5,-58845.0,7.351318120956421
20,28,70,0.7000000000000002,10,80,10,-3734.0,7.5015387535095215
20,22,60,0.30000000000000004,5,75,15,1675.0,7.507008075714111
30,38,64,0.5000000000000001,5,75,10,-24066.0,7.523802757263184
30,34,78,0.30000000000000004,10,80,10,-2300.0,7.480388164520264
40,28,64,0.2,10,80,10,24827.0,7.555572032928467
40,38,62,0.2,20,75,15,-7308.0,7.593453884124756
35,24,60,0.2,10,75,15,16544.0,7.549156665802002
35,30,72,0.5000000000000001,15,80,15,12084.0,7.596914052963257
30,34,70,0.8000000000000003,10,85,15,5242.0,7.571977853775024
30,20,74,0.8000000000000003,5,90,5,11553.0,7.225898027420044
10,38,62,0.7000000000000002,15,75,15,-161594.0,7.361399173736572
25,30,68,0.8000000000000003,15,75,5,1230.0,7.240747928619385
25,34,76,0.6000000000000001,5,75,15,-3772.0,7.2601892948150635
50,26,66,0.2,5,75,5,6773.0,7.225463151931763
20,28,72,0.6000000000000001,10,90,15,1833.0,7.288863897323608
40,28,78,0.7000000000000002,20,80,10,-3924.0,7.289054870605469
25,32,62,0.2,20,75,5,-15442.0,7.304855823516846
20,26,68,0.6000000000000001,5,80,15,-764.0,7.395051002502441
50,20,78,0.7000000000000002,15,85,5,4358.0,7.281540155410767
10,38,76,0.6000000000000001,15,80,10,-82581.0,7.6253650188446045
45,24,74,0.2,10,80,15,7530.0,7.450699090957642
10,28,68,0.8000000000000003,15,90,10,-88086.0,7.592947006225586
15,28,68,0.30000000000000004,15,75,5,-29556.0,7.540365934371948
25,26,78,0.30000000000000004,10,80,5,1298.0,7.547964096069336
20,34,72,0.2,5,85,10,-24692.0,7.613486051559448
20,24,74,0.5000000000000001,15,80,15,4602.0,7.559981822967529
35,20,72,0.4000000000000001,15,75,10,10729.0,7.517076015472412
40,20,76,0.8000000000000003,20,85,5,8524.0,7.118765830993652
50,38,70,0.4000000000000001,10,75,5,7203.0,7.109598875045776
45,30,70,0.4000000000000001,20,75,10,13448.0,7.138957262039185
50,32,74,0.30000000000000004,10,75,5,2728.0,6.928037881851196
15,22,76,0.30000000000000004,10,90,10,-5802.0,6.895719051361084
20,36,78,0.6000000000000001,20,90,10,-16598.0,6.836004018783569
35,28,68,0.5000000000000001,15,75,15,18387.0,6.8423919677734375
15,32,76,0.7000000000000002,20,80,10,-26558.0,6.932510852813721
